Variable,Coefficient,Std Error,t-stat,N_months
Carbon Intensity (log),-0.11371798513921565,0.12782642108112122,-0.8896281705880502,95
Firm Size (log),0.13069141033947973,0.15829575404597723,0.8256153876465961,95
Book-to-Market,0.4345680825690292,0.6662270673397692,0.6522822381027695,95
