carbon_quintile,Mean Return,Std Dev,Sharpe
Q1 (Low),2.0083082646594486,6.129588609103834,1.1349838214213255
Q2,1.3175085380931646,5.000792517401139,0.9126520324298856
Q3,1.1938164895799,6.180223231052932,0.6691508502399589
Q4,1.325568097904456,6.953217131955119,0.6603997116417889
Q5 (High),1.2326951394931072,8.70970638271433,0.49027843604065957
